{"D/loss_real": -8.302339553833008, "D/loss_fake": -3.0030152797698975, "D/loss_cls": 6.0737528800964355, "D/loss_gp": 0.2648473381996155, "G/loss_fake": 3.2072129249572754, "G/loss_rec": 0.31085801124572754, "G/loss_cls": 6.766918659210205, "_timestamp": 1680653322.7683413, "_runtime": 70.1156313419342, "_step": 464, "_wandb": {"runtime": 69}}