{"D/loss_real": -0.5231881141662598, "D/loss_fake": -3.487299919128418, "D/loss_cls": 6.8071184158325195, "D/loss_gp": 0.02783988043665886, "G/loss_fake": 1.2605533599853516, "G/loss_rec": 0.36255693435668945, "G/loss_cls": 5.88525390625, "_timestamp": 1680653141.3556874, "_runtime": 23.691014289855957, "_step": 64, "_wandb": {"runtime": 23}}