{"D/loss_real": 10.105863571166992, "D/loss_fake": -16.524539947509766, "D/loss_cls": 6.084358215332031, "D/loss_gp": 0.0447828583419323, "G/loss_fake": 13.150541305541992, "G/loss_rec": 0.32317501306533813, "G/loss_cls": 8.312397003173828, "_timestamp": 1680661019.6181297, "_runtime": 160.87443566322327, "_step": 294, "_wandb": {"runtime": 161}}