{"D/loss_real": 0.0009397828252986073, "D/loss_fake": -0.0007775021949782968, "D/loss_cls": 9.010501861572266, "D/loss_gp": 0.9949560761451721, "_timestamp": 1678949405.0183933, "_runtime": 11.231405258178711, "_step": 0, "_wandb": {"runtime": 10}}