{"D/loss_real": -35.365447998046875, "D/loss_fake": 3.1597747802734375, "D/loss_cls": 9.635767936706543, "D/loss_gp": 0.7654751539230347, "G/loss_fake": -0.7380006313323975, "G/loss_rec": 0.5260104537010193, "G/loss_cls": 10.243349075317383, "_timestamp": 1680658687.740138, "_runtime": 30.116713047027588, "_step": 19, "_wandb": {"runtime": 30}}