{"D/loss_real": -25.520002365112305, "D/loss_fake": 0.49642103910446167, "D/loss_cls": 6.0499677658081055, "D/loss_gp": 0.6517167091369629, "G/loss_fake": 10.908262252807617, "G/loss_rec": 0.36969467997550964, "G/loss_cls": 6.728300094604492, "_timestamp": 1680660863.2569468, "_runtime": 308.66413378715515, "_step": 579, "_wandb": {"runtime": 308}}