{"D/loss_real": -1.6772150993347168, "D/loss_fake": -1.4722598791122437, "D/loss_cls": 5.727839469909668, "D/loss_gp": 0.06906550377607346, "G/loss_fake": 0.2109132707118988, "G/loss_rec": 0.2868766784667969, "G/loss_cls": 8.214792251586914, "_timestamp": 1680660847.9616892, "_runtime": 318.3610303401947, "_step": 559, "_wandb": {"runtime": 319}}