{"D/loss_real": -6.509146213531494, "D/loss_fake": 0.1677911877632141, "D/loss_cls": 5.8962297439575195, "D/loss_gp": 0.052962690591812134, "G/loss_fake": 1.0225340127944946, "G/loss_rec": 0.31352168321609497, "G/loss_cls": 6.068873405456543, "_timestamp": 1680656304.619365, "_runtime": 83.16031289100647, "_step": 589, "_wandb": {"runtime": 83}}