{"D/loss_real": -8.807480812072754, "D/loss_fake": -1.3672239780426025, "D/loss_cls": 7.001369476318359, "D/loss_gp": 0.07609634101390839, "G/loss_fake": -0.014016151428222656, "G/loss_rec": 0.32595938444137573, "G/loss_cls": 6.257394313812256, "_timestamp": 1680661041.8089435, "_runtime": 172.21455240249634, "_step": 364, "_wandb": {"runtime": 171}}