{"D/loss_real": -15.491747856140137, "D/loss_fake": 8.239289283752441, "D/loss_cls": 5.639005184173584, "D/loss_gp": 0.13297486305236816, "G/loss_fake": -6.053684711456299, "G/loss_rec": 0.3142838180065155, "G/loss_cls": 7.43502140045166, "_timestamp": 1680660857.0271413, "_runtime": 318.28004336357117, "_step": 564, "_wandb": {"runtime": 319}}