{"D/loss_real": -1.8033995628356934, "D/loss_fake": -4.525206089019775, "D/loss_cls": 6.850274562835693, "D/loss_gp": 0.05613062530755997, "G/loss_fake": 1.4979963302612305, "G/loss_rec": 0.33251386880874634, "G/loss_cls": 7.245936870574951, "_timestamp": 1680661035.532905, "_runtime": 171.0011270046234, "_step": 314, "_wandb": {"runtime": 170}}