{"D/loss_real": -12.71561050415039, "D/loss_fake": 3.6864230632781982, "D/loss_cls": 6.022335529327393, "D/loss_gp": 0.14444170892238617, "G/loss_fake": -5.251918792724609, "G/loss_rec": 0.31056177616119385, "G/loss_cls": 5.854607582092285, "_timestamp": 1680661231.9234972, "_runtime": 189.70362520217896, "_step": 449, "_wandb": {"runtime": 189}}