{"D/loss_real": -19.540807723999023, "D/loss_fake": 7.461849212646484, "D/loss_cls": 8.724309921264648, "D/loss_gp": 0.06132335960865021, "_timestamp": 1678948847.162236, "_runtime": 15.14324688911438, "_step": 9, "_wandb": {"runtime": 14}}