{"D/loss_real": -12.620098114013672, "D/loss_fake": 3.6440610885620117, "D/loss_cls": 5.841211795806885, "D/loss_gp": 0.13801562786102295, "G/loss_fake": -6.262395858764648, "G/loss_rec": 0.30002617835998535, "G/loss_cls": 7.257574558258057, "_timestamp": 1680661225.6024864, "_runtime": 197.9746174812317, "_step": 494, "_wandb": {"runtime": 198}}