{"D/loss_real": -24.656982421875, "D/loss_fake": 5.757213592529297, "D/loss_cls": 11.478404998779297, "D/loss_gp": 0.1922730952501297, "_timestamp": 1678948803.4202156, "_runtime": 14.101812601089478, "_step": 9, "_wandb": {"runtime": 13}}