{"D/loss_real": -0.00011035465286113322, "D/loss_fake": 0.0002715036098379642, "D/loss_cls": 9.012044906616211, "D/loss_gp": 0.9954928159713745, "_timestamp": 1678949587.1944096, "_runtime": 13.431162595748901, "_step": 0, "_wandb": {"runtime": 12}}